id,consume_date,consume_type,money,pay_method,remark
26,2026-01-14,房租水电,1200.00,银行卡,月度房租
14,2026-01-08,房租水电,450.00,银行卡,当月电费分摊
38,2026-01-20,服饰穿搭,269.00,微信支付,冬季棉服
48,2026-01-25,护肤美妆,215.00,银行卡,粉底液彩妆
6,2026-01-04,服饰穿搭,199.00,银行卡,卫衣采购
54,2026-01-28,服饰穿搭,159.00,微信支付,休闲长裤
42,2026-01-22,房租水电,135.60,银行卡,燃气费缴纳
16,2026-01-09,护肤美妆,128.50,支付宝,面膜护肤品
39,2026-01-21,医疗健康,89.40,支付宝,肠胃调理药品
24,2026-01-13,服饰穿搭,89.00,微信支付,袜子内衣
